start_unix,peak_unix,end_unix,peak_cps,background_cps,excess_sigma,duration_s,rise_s,decay_s,detector,instrument
1788809610.0,1788809610.0,1788809730.0,1.7833333333333334,0.03333333333333333,9.585144756340407,120.0,0.0,120.0,CDTE1,hel1os
1788870090.0,1788870210.0,1788870390.0,11.5,0.03333333333333333,48.10829796753709,300.0,120.0,180.0,CDTE2,hel1os
1788889230.0,1788889350.0,1788889650.0,12.583333333333334,0.03333333333333333,57.96730400263009,420.0,120.0,300.0,CDTE2,hel1os
1788899910.0,1788899910.0,1788900270.0,2.2333333333333334,0.03333333333333333,10.863164057185795,360.0,0.0,360.0,CDTE2,hel1os
1788906090.0,1788906210.0,1788906510.0,7.033333333333333,0.03333333333333333,33.9587985653203,420.0,120.0,300.0,CDTE2,hel1os
1788910110.0,1788910530.0,1788911010.0,15.216666666666667,0.03333333333333333,74.12511944903248,900.0,420.0,480.0,CDTE2,hel1os
1788933870.0,1788933930.0,1788934290.0,4.016666666666667,0.03333333333333333,16.522963818072512,420.0,60.0,360.0,CDTE2,hel1os
1788944190.0,1788944670.0,1788945270.0,11.383333333333333,0.03333333333333333,56.232849237197065,1080.0,480.0,600.0,CDTE2,hel1os
1788949770.0,1788949890.0,1788950130.0,12.3,0.03333333333333333,58.971462024722896,360.0,120.0,240.0,CDTE2,hel1os
1789070730.0,1789070730.0,1789070850.0,1.6666666666666667,0.03333333333333333,8.946135105917714,120.0,0.0,120.0,CDTE1,hel1os
1789088130.0,1789088190.0,1789088250.0,69.6,12.683333333333334,15.981691918126877,120.0,60.0,60.0,CZT1,hel1os
1789213830.0,1789213890.0,1789214010.0,1.2166666666666666,0.03333333333333333,6.481383597144465,180.0,60.0,120.0,CDTE1,hel1os
1789233450.0,1789233510.0,1789233930.0,38.516666666666666,0.03333333333333333,187.86883722427203,480.0,60.0,420.0,CDTE2,hel1os
1789301430.0,1789301430.0,1789301550.0,153.4375,14.383333333333333,36.26031232040588,120.0,0.0,120.0,CZT1,hel1os
1789322370.0,1789322370.0,1789322490.0,1.2666666666666666,0.03333333333333333,6.7552448758970485,120.0,0.0,120.0,CDTE1,hel1os
1789396350.0,1789396350.0,1789396470.0,1.2,0.03333333333333333,6.390096504226937,120.0,0.0,120.0,CDTE1,hel1os
1789560630.0,1789560630.0,1789560750.0,133.28125,19.366666666666667,24.979675920073763,120.0,0.0,120.0,CZT1,hel1os
1789700250.0,1789700730.0,1789700850.0,23.15,4.122222222222222,9.29415672574127,600.0,480.0,120.0,CZT1,hel1os
1789704870.0,1789705050.0,1789705890.0,142.75,4.122222222222222,67.79842748356526,1020.0,180.0,840.0,CZT1,hel1os
1789706550.0,1789706550.0,1789706850.0,18.083333333333332,4.15,6.713469987847565,300.0,0.0,300.0,CZT1,hel1os
1789707510.0,1789707570.0,1789707630.0,21.733333333333334,4.15,8.60117135583951,120.0,60.0,60.0,CZT1,hel1os
1789711470.0,1789711650.0,1789712430.0,144.31666666666666,4.122222222222222,68.56478777498603,960.0,180.0,780.0,CZT1,hel1os
1789714170.0,1789714710.0,1789714710.0,20.083333333333332,4.122222222222222,7.794047219130397,540.0,540.0,0.0,CZT1,hel1os
1789718670.0,1789718730.0,1789719690.0,158.43333333333334,4.122222222222222,75.47018316683065,1020.0,60.0,960.0,CZT1,hel1os
1789721610.0,1789721610.0,1789721730.0,27.816666666666666,9.477777777777778,5.923423245200581,120.0,0.0,120.0,CZT1,hel1os
